{
  "type": "Course",
  "prerequisites": [],
  "credits": "4",
  "courseName": "CSE1200 - Introduction to Computer Engineering",
  "academicYear": "1",
  "courseSections": [
    {
      "sectionNumber": "1",
      "day": "Tuesday",
      "time": "10:00-10:50",
      "room": "M2.Z11",
      "capacity": "3",
      "lecturerID": "6001",
      "waitlist": [
        "1001"
      ]
    },
    {
      "sectionNumber": "2",
      "day": "Thursday",
      "time": "13:00-13:50",
      "room": "M1.Z06",
      "capacity": "3",
      "lecturerID": "0",
      "waitlist": [
        "1001"
      ]
    }
  ],
  "technical_elective": "0"
}