{
  "type": "Course",
  "prerequisites": [],
  "credits": "6",
  "courseName": "CSE1242- Computer Programming II",
  "academicYear": "1",
  "courseSections": [
    {
      "sectionNumber": "1",
      "day": "Monday",
      "time": "09:00-09:50",
      "room": "M1.Z06",
      "capacity": "4",
      "lecturerID" : "0",
      "waitlist": []
    },
    {
      "sectionNumber": "2",
      "day": "Wednesday",
      "time": "11:00-11:50",
      "room": "M2.103",
      "capacity": "3",
      "lecturerID" : "0",
      "waitlist": []
    }
  ],
    "technical_elective": "0"
}