{
    "type": "Course",
    "prerequisites": ["CSE1242"],
    "credits": "2",
    "courseName": "CSE2225 - Data Structures",
    "academicYear": "7",
    "courseSections": [
      {
        "sectionNumber": "1",
        "day": "Wednesday",
        "time": "09:00-09:50",
        "room": "M1.Z06",
        "capacity": "3",
        "lecturerID" : "0",
        "waitlist": []
      },
      {
        "sectionNumber": "2",
        "day": "Friday",
        "time": "14:00-14:50",
        "room": "M2.Z11",
        "capacity": "3",
        "lecturerID" : "0",
        "waitlist": []
      }
    ],
    "technical_elective": "0"
  }
