{
    "type": "Course",
    "prerequisites": ["CSE1242"],
    "credits": "7",
    "courseName": "CSE2138 - Systems Programming",
    "academicYear": "2",
    "courseSections": [
      {
        "sectionNumber": "1",
        "day": "Monday",
        "time": "14:00-14:50",
        "room": "M2.Z11",
        "capacity": "3",
        "lecturerID" : "0",
        "waitlist": []
      },
      {
        "sectionNumber": "2",
        "day": "Friday",
        "time": "10:00-10:50",
        "room": "M2.103",
        "capacity": "3",
        "lecturerID" : "0",
        "waitlist": []
      }
    ],
    "technical_elective": "0"
  }
