{
    "type": "Course",
    "prerequisites": ["CSE2225"],
    "credits": "2",
    "courseName": "CSE2022 - Technical Comm. and Entrepreneurship",
    "academicYear": "3",
    "courseSections": [
      {
        "sectionNumber": "1",
        "day": "Wednesday",
        "time": "14:00-14:50",
        "room": "M2.103",
        "capacity": "3",
        "lecturerID" : "0",
        "waitlist": []
      },
      {
        "sectionNumber": "2",
        "day": "Friday",
        "time": "14:00-14:50",
        "room": "M2.Z11",
        "capacity": "3",
        "lecturerID" : "0",
        "waitlist": []
      }
    ],
    "technical_elective": "0"
  }
