{
    "type": "Course",
    "prerequisites": ["CSE2225"],
    "credits": "7",
    "courseName": "CSE3033 - Operating Systems",
    "academicYear": "3",
    "courseSections": [
      {
        "sectionNumber": "1",
        "day": "Tuesday",
        "time": "15:00-15:50",
        "room": "M2.103",
        "capacity": "3",
        "lecturerID" : "0",
        "waitlist": []
      },
      {
        "sectionNumber": "2",
        "day": "Thursday",
        "time": "11:00-11:50",
        "room": "M2.Z11",
        "capacity": "3",
        "lecturerID" : "0",
        "waitlist": []
      }
    ],
    "technical_elective": "0"
  }

