{
    "type": "Course",
    "prerequisites": ["CSE2022"],
    "credits": "5",
    "courseName": "CSE4074 - Computer Networks",
    "academicYear": "4",
    "courseSections": [
      {
        "sectionNumber": "1",
        "day": "Tuesday",
        "time": "14:00-14:50",
        "room": "M2.103",
        "capacity": "3",
        "lecturerID" : "0",
        "waitlist": []
      },
      {
        "sectionNumber": "2",
        "day": "Thursday",
        "time": "10:00-10:50",
        "room": "M1.Z06",
        "capacity": "3",
        "lecturerID" : "0",
        "waitlist": []
      }
    ],
    "technical_elective": "0"
  }
